setV,readV
10,10.60723455157131
10,10.676337056793272
10,10.687442816561088
10,10.755311348475516
10,10.809606174007058
10,11.014445743057877
30,11.03219296055613
10,11.134141153888777
30,11.191382322067511
30,11.203722582649789
10,11.22545517864637
30,11.308614797599148
30,11.42337922101433
10,11.451272293925285
30,11.4665701330523
30,11.506058966915589
30,11.559122087419382
30,11.617121312156087
10,11.725214368198067
30,12.476003448682604
35,14.181427461153362
35,14.299893962743226
35,14.366531369887525
35,14.42946669885714
35,14.438104881264735
35,14.48499787147739
35,14.517082548991311
35,14.619506711824215
35,14.642953206930542
35,14.950225695429253
40,19.681481602674467
40,19.99369019540609
40,20.094880332180765
40,20.215814885887085
40,20.345387622001
40,20.51568321803643
40,20.516917244094657
40,21.600392123218626
40,21.929877080765436
40,22.205064891750226
45,25.191407952661393
45,25.239534968932276
45,25.30370432396012
45,25.47276589393732
45,25.67144408931199
45,25.89727085796767
45,25.912079170666402
45,26.62287818020559
45,26.668537144360016
45,26.687047535233432
50,30.99873458268121
50,31.098690693397657
50,31.199880830172333
50,31.36647434803308
50,31.413367338245735
50,31.502217214438133
50,31.598471246979898
50,31.618215663911542
50,31.692257227405207
50,31.781107103597606
55,36.18904818358715
55,36.45066170793143
55,37.052866424346576
55,37.12567396178201
55,37.25524669789593
55,37.46873320596933
55,37.800686215632595
55,38.691653029673034
55,38.80024732279708
55,38.9791811012401
60,41.88284441625001
60,42.319689640862634
60,42.522069914411986
60,42.593643425789196
60,42.665216937166406
60,42.69483356256387
60,42.781215386639815
60,42.945340852384106
60,44.060900409022
60,44.70753006353334
65,47.822211834500195
65,47.95548664878879
65,48.0714850982622
65,48.12701627088245
65,48.1381225054065
65,48.22573835554067
65,48.234376537948265
65,48.393565899459645
65,48.44416096784698
65,50.44821928640886
70,53.891151988864294
70,54.034299011618714
70,54.08736213212251
70,54.10340447087947
70,54.13178707021871
70,54.14782940897567
70,54.27987019720604
70,54.572334373006015
70,55.302877799476846
70,55.754531336788204
75,56.31231111510715
75,56.589966978208395
75,56.61588152543118
75,56.6479662029451
75,56.67634880228434
75,56.7281778967299
75,57.03298233311216
75,57.10949194872228
75,57.12059818324633
75,58.607599583410774
80,61.81976941297762
80,61.899981106762425
80,62.10482943242823
80,62.32078399261809
80,62.444186598440865
80,62.53303647463326
80,62.57746141272946
80,62.65397102833958
80,62.91435052662564
80,62.99579624646867
85,67.44816226455441
85,67.62833006905566
85,67.70607371072401
85,67.92819840120501
85,67.98002749565057
85,68.0343246422126
85,68.13798283110373
85,68.32678881801257
85,68.95614210770873
85,69.03388574937708
90,72.96672679694893
90,73.2320423994679
90,73.29250967632106
90,73.29744578055397
90,73.58250580000458
90,73.63310086839192
90,73.65284528532356
90,73.67505775437166
90,73.68369593677926
90,74.2056889594096
95,78.45320665182953
95,78.59141757035104
95,78.73333056704723
95,78.85549914681178
95,78.89498798067507
95,79.30591865806491
95,79.48732048862439
95,79.50583087949781
95,80.2746291137737
95,81.12117098971794
100,84.15810911901644
100,84.24819302126707
100,84.3827018616139
100,84.49623225897085
100,84.65665564654046
100,84.67763408953033
100,84.75537773119868
100,84.97256631744676
100,85.19715906004421
100,86.17327367210237
105,89.50391000325908
105,89.99011627020082
105,90.13943342324637
105,90.21964511703118
105,90.33564356650459
105,90.53061968370457
105,90.59972514296533
105,90.61823553383874
105,91.19822778120579
105,91.70664651719562
110,95.40625663976243
110,95.81595329109405
110,95.85297407284088
110,95.9381218708586
110,96.13926811834972
110,96.16888474374718
110,96.31820189679274
110,96.45517878925602
110,97.68920484748378
110,97.7212895249977
115,98.4234503521293
115,98.79242414353939
115,98.81216856047104
115,98.82574284711154
115,98.85289142039255
115,99.02318701642798
115,99.05280364182545
115,99.45139405863301
115,100.10172579131904
115,100.57188971950382
120,103.53848836348334
120,103.57427511917194
120,104.18018191376177
120,104.21350061733392
120,104.45166764657188
120,104.67996246734401
120,105.8979461868148
120,106.03492307927809
120,106.21262283166288
120,106.22372906618693
125,109.58274799668288
125,109.61730072631326
125,109.82708515621198
125,109.92087113663729
125,109.92210516269552
125,110.0146571170626
125,110.06031608121702
125,110.10967712354613
125,110.24541998995119
125,111.40910656285996
130,115.08650421637867
130,115.23582136942423
130,115.359223975247
130,115.38020241823688
130,115.50730710223434
130,115.74794218358875
130,115.90713154510013
130,116.01449181216594
130,116.09963961018366
130,116.18848948637606
135,120.70872693766432
135,121.51207790157059
135,121.55650283966679
135,121.57624725659844
135,121.57748128265666
135,121.67867141943134
135,121.83169065065158
135,121.96990156917309
135,122.74486993374012
135,123.83574896921345
140,126.41856550908415
140,126.79617748290184
140,127.13183257073979
140,127.23302270751446
140,127.31570245341572
140,127.36012739151192
140,127.38233986056002
140,127.43170090288913
140,127.76241988649417
140,127.8747162577929
145,132.29499759836472
145,132.40605994360521
145,132.58129164387356
145,132.58869580022292
145,132.62941866014444
145,132.68618385882291
145,132.74171503144316
145,132.79477815194696
145,133.09834856227098
145,133.1082207707368
150,137.52603405919217
150,137.92956058023265
150,138.16155747917946
150,138.34912944003008
150,138.37998009148578
150,138.39108632600983
150,138.4071286647668
150,138.41083074294147
150,138.41823489929084
150,138.4959785409592
200,187.74349047271244
200,188.08037958660861
200,188.27412167775037
200,188.29139804256556
200,188.33952505883644
200,188.40246038780606
200,188.43331103926175
200,188.71713703265414
200,189.5908274818794
200,189.79814385966165
250,241.74817285893369
250,242.20106042230327
250,242.3577817316982
250,242.437993425483
250,242.44909966000705
250,242.4688440769387
250,242.49846070233616
250,242.50339680656907
250,242.64901188143995
250,243.92869690382213
300,294.8989092128613
300,295.0716728610132
300,295.17533104990434
300,295.22099001405877
300,295.2851593690866
300,295.4616250954132
300,295.514688215917
300,295.96634175322833
300,296.67837478882575
300,297.3953439286561
350,348.4383637751307
350,348.56423443306994
350,348.5765746936522
350,348.77772094114334
350,348.8566986088699
350,348.8776770518598
350,348.92086796389776
350,349.06278096059395
350,349.10226979445724
350,349.268863312318
400,399.04207034487627
400,399.20619581062056
400,399.5541911590408
400,399.57023349779774
400,399.5899779147294
400,399.707210390261
400,399.7195506508433
400,399.7627415628813
400,400.73021799253183
400,401.2707214060356
450,452.0768082493305
450,452.0953186402039
450,452.43837788439123
450,452.4494841189153
450,452.4778667182545
450,452.5790568550292
450,452.61237555860134
450,452.65803452275577
450,454.2338857991126
450,454.5572006263683
500,506.0136192023492
500,506.10370310459984
500,506.191318954734
500,506.315955586615
500,506.3986353325163
500,506.5874413194251
500,506.59731352789095
500,506.62939820540487
500,507.2809639641491
500,507.61044892169593
550,556.0829924888822
550,556.3668184822745
550,556.4359239415353
550,556.4976252444467
550,556.5395821304264
550,556.7999616287125
550,556.8098338371783
550,556.8172379935277
550,556.8271102019935
550,556.9036198176036
600,610.0950790314528
600,610.1518442301312
600,610.1604824125388
600,610.4467764580477
600,610.4504785362224
600,610.497371526435
600,610.5121798391338
600,610.7577510247211
600,610.8367286924477
600,611.1773198845185
650,662.7460348317982
650,662.9249686102412
650,663.0249247209576
650,663.086626023869
650,663.1989223951678
650,663.2174327860412
650,663.2964104537677
650,663.3976005905424
650,663.492620597026
650,663.5135990400158
700,715.6363916874398
700,715.9671106710448
700,715.9868550879764
700,716.0917473029258
700,716.3459566709207
700,716.4076579738321
700,716.5174862930144
700,716.5224223972473
700,716.8432691723865
700,718.1365284814092
750,766.0673346090334
750,766.14631227676
750,766.357330732717
750,766.4523507392005
750,766.6646032212157
750,766.6942198466131
750,766.6966878987296
750,766.7497510192334
750,766.7954099833878
750,767.175490009322
800,818.1975314128067
800,818.52948442247
800,818.5356545527611
800,818.7071841748548
800,819.2526236925914
800,819.2526236925916
800,819.3390055166674
800,819.3488777251332
800,820.8395812034723
800,820.9888983565179
850,871.8591545548406
850,871.8690267633065
850,872.0134078121191
850,872.0528966459824
850,872.2441706850077
850,872.2762553625216
850,872.532932782633
850,872.5563792777393
850,872.9043746261596
850,873.6879811731342
900,925.5158415926417
900,925.7515405697632
900,925.772519012753
900,925.8107738205581
900,925.8231140811404
900,925.8305182374897
900,925.8366883677809
900,925.8983896706923
900,925.9600909736037
900,926.0230263025733
950,975.9356782797113
950,975.9517206184682
950,975.9973795826227
950,976.0010816607974
950,976.0023156868556
950,976.0825273806404
950,976.1072079018049
950,976.1763133610657
950,976.2046959604049
950,976.7735819732479
1000,1028.6495694090263
1000,1028.7100366858795
1000,1028.8248011092946
1000,1028.8359073438187
1000,1029.0062029398541
1000,1029.1703284055984
1000,1029.2591782817908
1000,1029.3060712720035
1000,1030.8609441053704
1000,1031.3212358250894
2000,2080.3544476639217
2000,2080.393936497785
2000,2080.5704022241116
2000,2080.7715484716027
2000,2080.828313670281
2000,2080.9011212077166
2000,2080.914695494357
2000,2080.983800953618
2000,2081.2046916180407
2000,2082.9224558910937
3000,3129.4863815874123
3000,3129.8022922583186
3000,3129.8491852485313
3000,3130.509389189683
3000,3130.5390058150806
3000,3130.6414299779135
3000,3130.6735146554274
3000,3130.6747486814857
3000,3130.7327479062224
3000,3131.613842511797
4000,4180.748244487404
4000,4180.767988904336
4000,4181.017262168098
4000,4181.046878793495
4000,4181.415852584905
4000,4181.658955718376
4000,4181.698444552239
4000,4181.786060402374
4000,4182.52647603731
4000,4183.718545209558
5000,5230.967355368193
5000,5230.988333811183
5000,5231.142587068462
5000,5231.257351491877
5000,5231.320286820846
5000,5231.4399873484945
5000,5231.509092807755
5000,5231.530071250745
5000,5232.497547680396
5000,5233.798211145768
6000,6279.796952907418
6000,6279.862356288504
6000,6279.904313174484
6000,6279.92775966959
6000,6279.936397851998
6000,6280.0598004578205
6000,6280.331286190631
6000,6280.378179180843
6000,6280.9914901317825
6000,6281.939222144501
7000,7330.5429929150705
7000,7330.871243846559
7000,7330.920604888888
7000,7330.95392359246
7000,7330.981072165741
7000,7331.300684914822
7000,7331.341407774744
7000,7331.443831937577
7000,7331.732594035202
7000,7332.092929644205
8000,8382.387316114546
8000,8382.550207554232
8000,8382.615610935318
8000,8382.6279511959
8000,8382.655099769181
8000,8383.607767886133
8000,8383.8952959577
8000,8384.261801696994
8000,8384.409884823981
8000,8384.818347449254
9000,9433.893516174066
9000,9433.966323711502
9000,9434.367382180426
9000,9434.3710842586
9000,9434.416743222755
9000,9434.762270519059
9000,9434.778312857816
9000,9435.420006408094
9000,9436.610841554284
9000,9437.057558987362
10000,10116.79366458884
10000,10116.793664588842
10000,10116.793664588844
10000,10116.793664588846
10000,10116.793664588848
10000,10116.79366458885
10000,10116.793664588851
10000,10116.793664588853
10000,10116.793664588855
10000,10116.793664588857
